# generated by reference-checks/aces2_ocio_reference.py, OpenColorIO 2.5.2
# FIXED_FUNCTION_ACES_OUTPUT_TRANSFORM_20
# columns: peak_nits,limiting_primaries,r,g,b,r_out,g_out,b_out
# output is display-linear in the limiting primaries, 1.0 = 100 cd/m^2
100.0,rec709,0.0,0.0,0.0,0.0,0.0,0.0
100.0,rec709,1e-04,1e-04,1e-04,2.0938199e-08,2.09382e-08,2.0938206e-08
100.0,rec709,0.001,0.001,0.001,4.12918e-06,4.1291814e-06,4.1291823e-06
100.0,rec709,0.01,0.01,0.01,0.00071227935,0.00071227946,0.0007122796
100.0,rec709,0.05,0.05,0.05,0.016048547,0.01604855,0.016048556
100.0,rec709,0.18,0.18,0.18,0.099999085,0.09999935,0.09999933
100.0,rec709,0.5,0.5,0.5,0.27980283,0.27980283,0.27980292
100.0,rec709,1.0,1.0,1.0,0.45756522,0.45756575,0.45756575
100.0,rec709,2.0,2.0,2.0,0.63988364,0.6398836,0.63988376
100.0,rec709,8.0,8.0,8.0,0.88557404,0.8855741,0.8855743
100.0,rec709,32.0,32.0,32.0,0.97504646,0.97504634,0.9750467
100.0,rec709,100.0,100.0,100.0,0.99762255,0.99762255,0.9976227
100.0,rec709,0.05,0.0,0.0,0.01303178,-8.147461e-05,0.00050124474
100.0,rec709,0.05,0.05,0.0,0.020780057,0.017985323,-0.0002126999
100.0,rec709,0.0,0.05,0.0,-0.0001404616,0.009029679,0.002231142
100.0,rec709,0.0,0.05,0.05,-0.00019527641,0.008505235,0.0076155663
100.0,rec709,0.0,0.0,0.05,-3.4553411e-09,4.784828e-08,6.1442364e-08
100.0,rec709,0.05,0.0,0.05,0.012105192,-0.00015794318,0.00678247
100.0,rec709,0.5,0.0,0.0,0.48586422,-0.003507297,0.018224766
100.0,rec709,0.5,0.5,0.0,0.36968797,0.32048202,-0.0034315921
100.0,rec709,0.0,0.5,0.0,-0.005293492,0.27735013,0.067398764
100.0,rec709,0.0,0.5,0.5,-0.00752391,0.25313982,0.22644386
100.0,rec709,0.0,0.0,0.5,-5.8154905e-07,9.294105e-06,1.1828139e-05
100.0,rec709,0.5,0.0,0.5,0.41134098,-0.0065643755,0.22985514
100.0,rec709,1.0,0.0,0.0,0.88538504,-0.009669338,0.030924913
100.0,rec709,1.0,1.0,0.0,0.5924926,0.5139117,-0.006164728
100.0,rec709,0.0,1.0,0.0,-0.011184686,0.4689722,0.11199691
100.0,rec709,0.0,1.0,1.0,-0.015381732,0.437662,0.39122152
100.0,rec709,0.0,0.0,1.0,-2.5450013e-06,4.422238e-05,5.60161e-05
100.0,rec709,1.0,0.0,1.0,0.7420071,-0.016021503,0.4130511
100.0,rec709,10.0,0.0,0.0,1.1645007,0.19970648,0.20264456
100.0,rec709,10.0,10.0,0.0,1.0093354,0.9715694,0.4098358
100.0,rec709,0.0,10.0,0.0,0.18050347,1.0219026,0.3690212
100.0,rec709,0.0,10.0,10.0,0.10226727,1.0138388,0.918934
100.0,rec709,0.0,0.0,10.0,-0.00022083413,0.005764659,0.0071209036
100.0,rec709,10.0,0.0,10.0,1.1065269,0.22650562,0.70362556
100.0,rec709,0.12835671,0.42425424,0.2891852,-0.0021164026,0.25737226,0.17712943
100.0,rec709,0.2179053,0.23109841,0.34486538,0.08762273,0.12777846,0.2088338
100.0,rec709,0.0025988314,0.008282656,0.0012659623,1.1924927e-06,0.00032176764,6.590371e-05
100.0,rec709,0.0016947687,0.00044669004,0.0013730898,1.2674186e-05,2.9156342e-07,5.9776144e-06
100.0,rec709,7.2360888,5.3612547,6.6169443,0.9029017,0.83382297,0.86282396
100.0,rec709,0.00061579206,0.0014427701,0.0016487708,4.0929518e-09,6.6300236e-06,6.6943167e-06
100.0,rec709,0.00085590343,0.005282828,0.0067177676,-2.2191628e-06,8.8729554e-05,9.067708e-05
100.0,rec709,14.227308,18.438784,4.0771413,0.9260581,0.9901105,0.8028202
100.0,rec709,0.05438203,0.008477045,0.0514045,0.019775808,-4.5697983e-05,0.010941367
100.0,rec709,60.60197,33.507004,88.86753,0.9969437,0.97722703,0.99874145
100.0,rec709,2.780193,12.51065,22.101048,0.520925,0.9319191,1.0061659
100.0,rec709,0.053610936,0.09035126,0.0063881534,0.015379568,0.043765873,0.00015614067
100.0,rec709,0.040305544,0.053870525,0.04492682,0.0035195996,0.019784411,0.013026717
100.0,rec709,2.0856154,0.8216084,1.7603343,1.0192606,0.32205436,0.6393179
100.0,rec709,0.012909604,0.0018970562,0.011854765,0.0009813787,-3.647677e-06,0.00052606117
100.0,rec709,0.63535184,0.59443116,0.34960604,0.39579436,0.32877254,0.21188425
100.0,rec709,0.009795946,0.0067738215,0.007262715,0.00095179933,0.0002727153,0.00038612314
100.0,rec709,4.9657006,7.114646,0.7187635,0.75181085,1.0116808,0.3822257
100.0,rec709,0.020688212,0.025609445,0.006608773,0.0034235378,0.005070431,0.00023949328
100.0,rec709,0.002140473,0.0022664326,0.0013847284,2.5741472e-05,2.6964786e-05,1.3152903e-05
100.0,rec709,5.7410045,6.970885,5.246352,0.834915,0.87311953,0.83982813
100.0,rec709,12.311204,5.3472,2.5092647,1.0272576,0.84566563,0.80963206
100.0,rec709,1.1829528,7.845009,5.9025946,0.14810021,1.0120257,0.817575
100.0,rec709,3.7690847,8.79762,2.1358516,0.62846917,0.9991984,0.6613777
100.0,rec709,2.024743,0.48334378,1.9702173,1.055534,0.15816307,0.6630593
100.0,rec709,4.7441,1.1557485,3.409549,1.0915186,0.41450846,0.68301535
100.0,rec709,24.532665,24.760946,11.826119,0.97208446,0.968678,0.93958795
100.0,rec709,0.7793694,0.74921787,0.45722532,0.43914494,0.38913703,0.27150056
100.0,rec709,0.27376878,0.27468958,0.059621945,0.20856677,0.17435971,0.014643299
100.0,rec709,1.7278978,3.3542383,3.069833,0.25776103,0.86284715,0.7581544
100.0,rec709,0.1452532,-0.04281437,0.26234332,0.036662534,-0.00084454607,0.02557444
100.0,rec709,0.25027362,-0.03415102,0.16085279,0.1407516,-0.0022197838,0.057200134
100.0,rec709,0.15937898,0.09650285,0.21861161,0.11456592,0.026443345,0.13476668
100.0,rec709,-0.02372666,0.21780685,0.13215691,-0.0022677963,0.088244125,0.06539446
100.0,rec709,0.23191704,0.019229304,0.19946364,0.18994838,-0.0012589941,0.095012166
100.0,rec709,0.29208368,0.268283,0.011918582,0.23830423,0.1751923,0.0006272627
100.0,rec709,0.19156015,0.19844612,-0.04582044,0.14058939,0.14178865,-0.0053179446
100.0,rec709,0.18020925,0.22492863,0.26699904,0.04890632,0.13312975,0.15888968
100.0,p3d65,0.0,0.0,0.0,0.0,0.0,0.0
100.0,p3d65,1e-04,1e-04,1e-04,2.0938204e-08,2.0938206e-08,2.0938206e-08
100.0,p3d65,0.001,0.001,0.001,4.129181e-06,4.1291823e-06,4.1291823e-06
100.0,p3d65,0.01,0.01,0.01,0.0007122795,0.0007122796,0.0007122796
100.0,p3d65,0.05,0.05,0.05,0.016048552,0.016048556,0.016048556
100.0,p3d65,0.18,0.18,0.18,0.099999115,0.099999376,0.09999933
100.0,p3d65,0.5,0.5,0.5,0.27980277,0.2798028,0.27980283
100.0,p3d65,1.0,1.0,1.0,0.45756534,0.45756578,0.45756575
100.0,p3d65,2.0,2.0,2.0,0.63988364,0.6398838,0.63988376
100.0,p3d65,8.0,8.0,8.0,0.88557386,0.88557416,0.8855742
100.0,p3d65,32.0,32.0,32.0,0.97504634,0.97504663,0.9750467
100.0,p3d65,100.0,100.0,100.0,0.9976224,0.9976228,0.9976227
100.0,p3d65,0.05,0.0,0.0,0.011659174,-8.012314e-05,0.0004446628
100.0,p3d65,0.05,0.05,0.0,0.020697,0.017644059,-0.00016893016
100.0,p3d65,0.0,0.05,0.0,-0.00020191148,0.009467944,0.0017162208
100.0,p3d65,0.0,0.05,0.05,-0.00029782578,0.008655497,0.0077965586
100.0,p3d65,0.0,0.0,0.05,-5.7349228e-09,4.86718e-08,6.776584e-08
100.0,p3d65,0.05,0.0,0.05,0.010441774,-0.00014642377,0.0066084755
100.0,p3d65,0.5,0.0,0.0,0.445575,-0.003427978,0.016681802
100.0,p3d65,0.5,0.5,0.0,0.3733942,0.31890166,-0.0024518373
100.0,p3d65,0.0,0.5,0.0,-0.007443577,0.28692907,0.05078458
100.0,p3d65,0.0,0.5,0.5,-0.011009672,0.25492766,0.22938101
100.0,p3d65,0.0,0.0,0.5,-9.778794e-07,9.438302e-06,1.2979194e-05
100.0,p3d65,0.5,0.0,0.5,0.36149594,-0.0057831733,0.22840692
100.0,p3d65,1.0,0.0,0.0,0.8522031,-0.010823163,0.029375868
100.0,p3d65,1.0,1.0,0.0,0.6116156,0.522504,-0.0044789664
100.0,p3d65,0.0,1.0,0.0,-0.016069334,0.49884814,0.08588458
100.0,p3d65,0.0,1.0,1.0,-0.022493264,0.447664,0.40246603
100.0,p3d65,0.0,0.0,1.0,-4.276407e-06,4.483159e-05,6.1237675e-05
100.0,p3d65,1.0,0.0,1.0,0.67008746,-0.014837645,0.4222167
100.0,p3d65,10.0,0.0,0.0,1.1533489,0.21321627,0.2045753
100.0,p3d65,10.0,10.0,0.0,1.0143961,0.9799119,0.42417404
100.0,p3d65,0.0,10.0,0.0,0.2489021,1.0302556,0.35776508
100.0,p3d65,0.0,10.0,10.0,0.16918388,1.0169417,0.93307334
100.0,p3d65,0.0,0.0,10.0,-0.00035316695,0.005746001,0.0075817793
100.0,p3d65,10.0,0.0,10.0,1.0904769,0.23260996,0.75478905
100.0,p3d65,0.12835671,0.42425424,0.2891852,-0.0008003632,0.26197305,0.17336476
100.0,p3d65,0.2179053,0.23109841,0.34486538,0.09475189,0.1264455,0.20089501
100.0,p3d65,0.0025988314,0.008282656,0.0012659623,6.114368e-06,0.00034250776,5.2412586e-05
100.0,p3d65,0.0016947687,0.00044669004,0.0013730898,1.1058045e-05,3.9762764e-07,5.8437518e-06
100.0,p3d65,7.2360888,5.3612547,6.6169443,0.8906381,0.83611584,0.8614092
100.0,p3d65,0.00061579206,0.0014427701,0.0016487708,8.1049016e-08,6.766251e-06,7.0105098e-06
100.0,p3d65,0.00085590343,0.005282828,0.0067177676,-3.4602235e-06,9.105066e-05,9.5917676e-05
100.0,p3d65,14.227308,18.438784,4.0771413,0.9374302,0.9879849,0.8184851
100.0,p3d65,0.05438203,0.008477045,0.0514045,0.017071716,-3.969732e-05,0.010639294
100.0,p3d65,60.60197,33.507004,88.86753,0.9942594,0.9771261,0.9983485
100.0,p3d65,2.780193,12.51065,22.101048,0.5610337,0.9223723,1.0059876
100.0,p3d65,0.053610936,0.09035126,0.0063881534,0.017110374,0.0434304,0.00028427487
100.0,p3d65,0.040305544,0.053870525,0.04492682,0.0063998015,0.019247014,0.013351528
100.0,p3d65,2.0856154,0.8216084,1.7603343,0.94610274,0.33193237,0.6422364
100.0,p3d65,0.012909604,0.0018970562,0.011854765,0.0008580377,-3.2755452e-06,0.0005173943
100.0,p3d65,0.63535184,0.59443116,0.34960604,0.38389546,0.33099738,0.22348832
100.0,p3d65,0.009795946,0.0067738215,0.007262715,0.0008312362,0.000295257,0.00038757594
100.0,p3d65,4.9657006,7.114646,0.7187635,0.7945997,1.0152951,0.40775737
100.0,p3d65,0.020688212,0.025609445,0.006608773,0.0036774632,0.0050466973,0.000501488
100.0,p3d65,0.002140473,0.0022664326,0.0013847284,2.5958656e-05,2.6924177e-05,1.4367891e-05
100.0,p3d65,5.7410045,6.970885,5.246352,0.8416978,0.8718515,0.84215444
100.0,p3d65,12.311204,5.3472,2.5092647,1.0236979,0.84563196,0.8017213
100.0,p3d65,1.1829528,7.845009,5.9025946,0.22495908,1.0141026,0.82503957
100.0,p3d65,3.7690847,8.79762,2.1358516,0.68178725,0.9978093,0.6730337
100.0,p3d65,2.024743,0.48334378,1.9702173,1.0210478,0.15136734,0.70276093
100.0,p3d65,4.7441,1.1557485,3.409549,1.0700719,0.41764164,0.7030107
100.0,p3d65,24.532665,24.760946,11.826119,0.9714805,0.9687901,0.9422485
100.0,p3d65,0.7793694,0.74921787,0.45722532,0.43026674,0.39079684,0.28288087
100.0,p3d65,0.27376878,0.27468958,0.059621945,0.20314634,0.17523032,0.027238889
100.0,p3d65,1.7278978,3.3542383,3.069833,0.36518672,0.8427621,0.7571858
100.0,p3d65,0.1452532,-0.04281437,0.26234332,0.031176906,-0.00074072514,0.024836577
100.0,p3d65,0.25027362,-0.03415102,0.16085279,0.12216527,-0.0019053125,0.05518333
100.0,p3d65,0.15937898,0.09650285,0.21861161,0.09892082,0.029368527,0.12657927
100.0,p3d65,-0.02372666,0.21780685,0.13215691,-0.0034245988,0.089099355,0.06394133
100.0,p3d65,0.23191704,0.019229304,0.19946364,0.1647795,-0.0010790665,0.092464894
100.0,p3d65,0.29208368,0.268283,0.011918582,0.23604034,0.17236622,0.0012212148
100.0,p3d65,0.19156015,0.19844612,-0.04582044,0.13930473,0.13773693,-0.0031694078
100.0,p3d65,0.18020925,0.22492863,0.26699904,0.06385921,0.13033405,0.15514593
1000.0,rec2020,0.0,0.0,0.0,0.0,0.0,0.0
1000.0,rec2020,1e-04,1e-04,1e-04,2.7553975e-08,2.7553956e-08,2.7553963e-08
1000.0,rec2020,0.001,0.001,0.001,5.436616e-06,5.436612e-06,5.4366133e-06
1000.0,rec2020,0.01,0.01,0.01,0.0009384515,0.000938451,0.00093845115
1000.0,rec2020,0.05,0.05,0.05,0.02134029,0.021340273,0.021340279
1000.0,rec2020,0.18,0.18,0.18,0.14511542,0.14511551,0.14511546
1000.0,rec2020,0.5,0.5,0.5,0.5053362,0.50533617,0.5053362
1000.0,rec2020,1.0,1.0,1.0,1.0656375,1.0656389,1.0656388
1000.0,rec2020,2.0,2.0,2.0,2.0578358,2.0578346,2.0578349
1000.0,rec2020,8.0,8.0,8.0,5.3514023,5.351401,5.3514013
1000.0,rec2020,32.0,32.0,32.0,8.335223,8.3352165,8.335219
1000.0,rec2020,100.0,100.0,100.0,9.484495,9.484489,9.484491
1000.0,rec2020,0.05,0.0,0.0,0.012613889,-7.648828e-05,0.00021886919
1000.0,rec2020,0.05,0.05,0.0,0.025401967,0.022989532,-0.00048765223
1000.0,rec2020,0.0,0.05,0.0,-0.0009724253,0.013267451,0.00046340053
1000.0,rec2020,0.0,0.05,0.05,-0.0019110875,0.012110699,0.011295749
1000.0,rec2020,0.0,0.0,0.05,-1.8910455e-06,-5.7491854e-07,7.0991177e-06
1000.0,rec2020,0.05,0.0,0.05,0.0116056455,-0.0005256716,0.009208478
1000.0,rec2020,0.5,0.0,0.0,0.57009566,-0.010573326,0.0070004435
1000.0,rec2020,0.5,0.5,0.0,0.62035334,0.5605151,-0.0128334295
1000.0,rec2020,0.0,0.5,0.0,-0.059296954,0.4870318,0.0064409547
1000.0,rec2020,0.0,0.5,0.5,-0.10105679,0.42561963,0.3958921
1000.0,rec2020,0.0,0.0,0.5,-4.9740713e-05,1.6002086e-05,0.000113789865
1000.0,rec2020,0.5,0.0,0.5,0.48271808,-0.035245176,0.3836799
1000.0,rec2020,1.0,0.0,0.0,1.3751731,-0.03694679,0.012704259
1000.0,rec2020,1.0,1.0,0.0,1.3141446,1.1899573,-0.0232454
1000.0,rec2020,0.0,1.0,0.0,-0.17044729,1.132259,0.002071046
1000.0,rec2020,0.0,1.0,1.0,-0.28050202,0.9837602,0.91379905
1000.0,rec2020,0.0,0.0,1.0,-0.00012282231,7.516441e-05,0.00028242814
1000.0,rec2020,1.0,0.0,1.0,1.1507372,-0.104874425,0.9165346
1000.0,rec2020,10.0,0.0,0.0,10.416285,0.063792154,0.2294415
1000.0,rec2020,10.0,10.0,0.0,7.4607573,6.8214955,-0.059167624
1000.0,rec2020,0.0,10.0,0.0,-2.1266477,9.573136,-0.2164721
1000.0,rec2020,0.0,10.0,10.0,-0.14717747,6.3898664,5.98538
1000.0,rec2020,0.0,0.0,10.0,-0.0032739847,0.007704733,0.0145468805
1000.0,rec2020,10.0,0.0,10.0,10.904243,-1.5739155,8.764433
1000.0,rec2020,0.12835671,0.42425424,0.2891852,0.0073142066,0.4256502,0.26172903
1000.0,rec2020,0.2179053,0.23109841,0.34486538,0.15716459,0.18876924,0.3079919
1000.0,rec2020,0.0025988314,0.008282656,0.0012659623,4.744303e-05,0.00046410962,3.990508e-05
1000.0,rec2020,0.0016947687,0.00044669004,0.0013730898,1.14679715e-05,1.2396594e-06,7.5686416e-06
1000.0,rec2020,7.2360888,5.3612547,6.6169443,5.0511985,4.424412,4.7739844
1000.0,rec2020,0.00061579206,0.0014427701,0.0016487708,8.310277e-07,9.083296e-06,1.01296855e-05
1000.0,rec2020,0.00085590343,0.005282828,0.0067177676,-2.760419e-05,0.00013396727,0.00016114011
1000.0,rec2020,14.227308,18.438784,4.0771413,7.0161247,7.7485547,4.975965
1000.0,rec2020,0.05438203,0.008477045,0.0514045,0.018333126,0.0002125736,0.014250037
1000.0,rec2020,60.60197,33.507004,88.86753,9.064672,8.537337,9.355736
1000.0,rec2020,2.780193,12.51065,22.101048,-0.021322222,6.88939,10.463253
1000.0,rec2020,0.053610936,0.09035126,0.0063881534,0.028389659,0.05605393,0.0008331662
1000.0,rec2020,0.040305544,0.053870525,0.04492682,0.012435351,0.024620522,0.01791165
1000.0,rec2020,2.0856154,0.8216084,1.7603343,2.3942852,0.8335204,1.7928919
1000.0,rec2020,0.012909604,0.0018970562,0.011854765,0.0009428992,5.4871934e-06,0.00070768496
1000.0,rec2020,0.63535184,0.59443116,0.34960604,0.72127956,0.6388448,0.38850805
1000.0,rec2020,0.009795946,0.0067738215,0.007262715,0.0009355871,0.0004187839,0.000505854
1000.0,rec2020,4.9657006,7.114646,0.7187635,4.3108606,5.755242,1.3164066
1000.0,rec2020,0.020688212,0.025609445,0.006608773,0.0050057406,0.006510071,0.00072825246
1000.0,rec2020,0.002140473,0.0022664326,0.0013847284,3.3658533e-05,3.509544e-05,1.9609352e-05
1000.0,rec2020,5.7410045,6.970885,5.246352,4.57019,4.9474907,4.4888268
1000.0,rec2020,12.311204,5.3472,2.5092647,7.2253103,4.7805877,3.8914435
1000.0,rec2020,1.1829528,7.845009,5.9025946,-0.12303265,6.262822,4.5815635
1000.0,rec2020,3.7690847,8.79762,2.1358516,3.53501,6.0391636,2.9674568
1000.0,rec2020,2.024743,0.48334378,1.9702173,2.5389333,0.27095732,2.0792508
1000.0,rec2020,4.7441,1.1557485,3.409549,5.240325,1.0230886,3.2378614
1000.0,rec2020,24.532665,24.760946,11.826119,8.029553,7.9963036,7.193334
1000.0,rec2020,0.7793694,0.74921787,0.45722532,0.8861503,0.81740046,0.5290774
1000.0,rec2020,0.27376878,0.27468958,0.059621945,0.29385573,0.2701608,0.04210961
1000.0,rec2020,1.7278978,3.3542383,3.069833,1.4058425,3.217042,2.894604
1000.0,rec2020,0.1452532,-0.04281437,0.26234332,0.035082757,-0.0045172293,0.037198573
1000.0,rec2020,0.25027362,-0.03415102,0.16085279,0.14128655,-0.011013872,0.073951125
1000.0,rec2020,0.15937898,0.09650285,0.21861161,0.12040519,0.04747866,0.17361304
1000.0,rec2020,-0.02372666,0.21780685,0.13215691,-0.026084201,0.1285556,0.08098539
1000.0,rec2020,0.23191704,0.019229304,0.19946364,0.18884607,-0.004163127,0.13060273
1000.0,rec2020,0.29208368,0.268283,0.011918582,0.3296649,0.26638252,0.002853095
1000.0,rec2020,0.19156015,0.19844612,-0.04582044,0.18155278,0.17818923,-0.012549124
1000.0,rec2020,0.18020925,0.22492863,0.26699904,0.118300535,0.18955575,0.23176713
4000.0,rec2020,0.0,0.0,0.0,0.0,0.0,0.0
4000.0,rec2020,1e-04,1e-04,1e-04,3.383107e-08,3.3831046e-08,3.3831054e-08
4000.0,rec2020,0.001,0.001,0.001,6.668953e-06,6.6689486e-06,6.6689495e-06
4000.0,rec2020,0.01,0.01,0.01,0.0011376668,0.0011376658,0.001137666
4000.0,rec2020,0.05,0.05,0.05,0.025071375,0.025071356,0.025071364
4000.0,rec2020,0.18,0.18,0.18,0.16824189,0.16824216,0.16824213
4000.0,rec2020,0.5,0.5,0.5,0.6023213,0.60232127,0.6023214
4000.0,rec2020,1.0,1.0,1.0,1.338828,1.338827,1.3388273
4000.0,rec2020,2.0,2.0,2.0,2.8443258,2.8443284,2.8443274
4000.0,rec2020,8.0,8.0,8.0,10.48838,10.488373,10.488376
4000.0,rec2020,32.0,32.0,32.0,24.497402,24.497387,24.49739
4000.0,rec2020,100.0,100.0,100.0,33.931942,33.931915,33.931923
4000.0,rec2020,0.05,0.0,0.0,0.0146964425,8.902519e-05,0.00033560046
4000.0,rec2020,0.05,0.05,0.0,0.029822443,0.027037121,-0.0004986091
4000.0,rec2020,0.0,0.05,0.0,-0.0006790472,0.015442746,0.0007641277
4000.0,rec2020,0.0,0.05,0.05,-0.0016552553,0.014114707,0.013185161
4000.0,rec2020,0.0,0.0,0.05,-1.9427855e-06,-4.9782926e-07,6.9931916e-06
4000.0,rec2020,0.05,0.0,0.05,0.013506045,-0.00034043714,0.010710778
4000.0,rec2020,0.5,0.0,0.0,0.64846385,-0.0069961017,0.010000645
4000.0,rec2020,0.5,0.5,0.0,0.73717153,0.66627645,-0.014646218
4000.0,rec2020,0.0,0.5,0.0,-0.05674575,0.55806875,0.012258971
4000.0,rec2020,0.0,0.5,0.5,-0.10075301,0.48834348,0.45469573
4000.0,rec2020,0.0,0.0,0.5,-4.485648e-05,1.9916873e-05,0.0001011208
4000.0,rec2020,0.5,0.0,0.5,0.54988533,-0.0327595,0.43666807
4000.0,rec2020,1.0,0.0,0.0,1.5929666,-0.032620266,0.018548729
4000.0,rec2020,1.0,1.0,0.0,1.6456288,1.4857771,-0.03413435
4000.0,rec2020,0.0,1.0,0.0,-0.1763758,1.3324777,0.012205318
4000.0,rec2020,0.0,1.0,1.0,-0.29338744,1.1593606,1.0779341
4000.0,rec2020,0.0,0.0,1.0,-0.00010890577,8.798764e-05,0.00026864719
4000.0,rec2020,1.0,0.0,1.0,1.3379668,-0.10558235,1.0644675
4000.0,rec2020,10.0,0.0,0.0,21.538002,-1.0540924,0.06052348
4000.0,rec2020,10.0,10.0,0.0,15.540151,14.099303,-0.21248858
4000.0,rec2020,0.0,10.0,0.0,-3.7450979,16.583164,-0.36223724
4000.0,rec2020,0.0,10.0,10.0,-5.987817,14.36639,13.3154
4000.0,rec2020,0.0,0.0,10.0,-0.0029214523,0.008981196,0.016116124
4000.0,rec2020,10.0,0.0,10.0,17.840855,-2.5507994,14.386526
4000.0,rec2020,0.12835671,0.42425424,0.2891852,0.013105334,0.49435708,0.3058257
4000.0,rec2020,0.2179053,0.23109841,0.34486538,0.18063666,0.21876572,0.3639297
4000.0,rec2020,0.0025988314,0.008282656,0.0012659623,6.24673e-05,0.0005621149,5.152083e-05
4000.0,rec2020,0.0016947687,0.00044669004,0.0013730898,1.4029482e-05,1.5456e-06,9.268743e-06
4000.0,rec2020,7.2360888,5.3612547,6.6169443,9.629754,7.711883,8.782797
4000.0,rec2020,0.00061579206,0.0014427701,0.0016487708,1.057235e-06,1.1125724e-05,1.2400244e-05
4000.0,rec2020,0.00085590343,0.005282828,0.0067177676,-2.7447804e-05,0.00016135976,0.00019255976
4000.0,rec2020,14.227308,18.438784,4.0771413,16.957214,19.93688,9.055548
4000.0,rec2020,0.05438203,0.008477045,0.0514045,0.02139311,0.00056136685,0.016647682
4000.0,rec2020,60.60197,33.507004,88.86753,30.087225,25.662285,32.66926
4000.0,rec2020,2.780193,12.51065,22.101048,-5.812541,15.669015,28.939415
4000.0,rec2020,0.053610936,0.09035126,0.0063881534,0.03321822,0.06528594,0.0011217834
4000.0,rec2020,0.040305544,0.053870525,0.04492682,0.014825708,0.028818928,0.021113481
4000.0,rec2020,2.0856154,0.8216084,1.7603343,3.3059444,0.96642107,2.4096074
4000.0,rec2020,0.012909604,0.0018970562,0.011854765,0.0011279711,2.1152411e-05,0.00084800244
4000.0,rec2020,0.63535184,0.59443116,0.34960604,0.88110864,0.77082264,0.443193
4000.0,rec2020,0.009795946,0.0067738215,0.007262715,0.0011363904,0.0005092803,0.00061493466
4000.0,rec2020,4.9657006,7.114646,0.7187635,7.5689096,10.680442,1.5111597
4000.0,rec2020,0.020688212,0.025609445,0.006608773,0.005984287,0.0077853096,0.00086564315
4000.0,rec2020,0.002140473,0.0022664326,0.0013847284,4.1155094e-05,4.2858876e-05,2.454581e-05
4000.0,rec2020,5.7410045,6.970885,5.246352,8.120823,9.300182,7.877972
4000.0,rec2020,12.311204,5.3472,2.5092647,16.358541,8.654867,6.1601634
4000.0,rec2020,1.1829528,7.845009,5.9025946,-2.5058553,12.070585,8.19698
4000.0,rec2020,3.7690847,8.79762,2.1358516,5.356443,12.125026,4.161702
4000.0,rec2020,2.024743,0.48334378,1.9702173,3.3302495,0.28074038,2.7247071
4000.0,rec2020,4.7441,1.1557485,3.409549,8.251824,1.1492122,4.8858624
4000.0,rec2020,24.532665,24.760946,11.826119,22.453943,22.236336,17.696007
4000.0,rec2020,0.7793694,0.74921787,0.45722532,1.0994861,1.0035667,0.61151296
4000.0,rec2020,0.27376878,0.27468958,0.059621945,0.34327263,0.31502756,0.047189254
4000.0,rec2020,1.7278978,3.3542383,3.069833,1.6969852,4.8765583,4.310175
4000.0,rec2020,0.1452532,-0.04281437,0.26234332,0.039952192,-0.00392176,0.041743234
4000.0,rec2020,0.25027362,-0.03415102,0.16085279,0.15968247,-0.009989869,0.08451856
4000.0,rec2020,0.15937898,0.09650285,0.21861161,0.13919553,0.055600386,0.20001625
4000.0,rec2020,-0.02372666,0.21780685,0.13215691,-0.024862258,0.14596836,0.09349787
4000.0,rec2020,0.23191704,0.019229304,0.19946364,0.2153203,-0.0022582007,0.14932342
4000.0,rec2020,0.29208368,0.268283,0.011918582,0.38434374,0.31040996,0.003232229
4000.0,rec2020,0.19156015,0.19844612,-0.04582044,0.20985472,0.20667168,-0.014504718
4000.0,rec2020,0.18020925,0.22492863,0.26699904,0.13605331,0.22035176,0.27042317
